id,tactics,时间范围,判断依据
SNGS-002,,,
SNGS-004,,,
SNGS-006,,,
SNGS-008,,,
SNGS-009,,,
SNGS-010,,,
SNGS-011,,,
SNGS-012,,,
SNGS-013,,,
SNGS-014,,,
SNGS-015,,,
SNGS-016,,,
SNGS-017,,,
SNGS-018,,,
SNGS-019,,,
SNGS-021,,,
SNGS-024,,,
SNGS-027,,,
SNGS-029,,,
SNGS-032,,,
SNGS-033,,,
SNGS-034,,,
SNGS-035,,,
SNGS-036,,,
SNGS-042,,,
SNGS-044,,,
SNGS-046,,,
SNGS-048,,,
SNGS-049,,,
SNGS-051,,,
SNGS-052,,,
SNGS-055,,,
SNGS-056,,,
SNGS-057,,,
SNGS-059,,,
SNGS-064,,,
SNGS-065,,,
SNGS-066,,,
SNGS-068,,,
SNGS-069,,,
SNGS-071,,,
SNGS-072,,,
SNGS-073,,,
SNGS-074,,,
SNGS-076,,,
SNGS-077,,,
SNGS-080,,,
SNGS-081,,,
SNGS-082,,,
SNGS-083,,,
SNGS-085,,,
SNGS-089,,,
SNGS-090,,,
SNGS-091,,,
SNGS-092,,,
SNGS-093,,,
SNGS-094,,,
SNGS-095,,,
SNGS-096,,,
SNGS-098,,,
SNGS-099,,,
SNGS-100,,,
SNGS-102,,,
SNGS-104,,,
SNGS-105,,,
SNGS-107,,,
SNGS-108,,,
SNGS-109,,,
SNGS-111,,,
SNGS-112,,,
SNGS-113,,,
SNGS-114,,,
SNGS-119,,,
SNGS-120,,,
SNGS-121,,,
SNGS-122,,,
SNGS-124,,,
SNGS-126,,,
SNGS-127,,,
SNGS-128,,,
SNGS-131,,,
SNGS-132,,,
SNGS-133,,,
SNGS-135,,,
SNGS-136,,,
SNGS-137,,,
SNGS-138,,,
SNGS-139,,,
SNGS-141,,,
SNGS-143,,,
SNGS-144,,,
SNGS-145,,,
SNGS-146,,,
SNGS-147,,,
SNGS-149,,,
SNGS-150,,,
SNGS-151,,,
SNGS-152,,,
SNGS-153,,,
SNGS-154,,,
SNGS-155,,,
SNGS-156,,,
SNGS-157,,,
SNGS-158,,,
SNGS-159,,,
SNGS-160,,,
SNGS-161,,,
SNGS-162,,,
SNGS-163,,,
SNGS-164,,,
SNGS-166,,,
SNGS-167,,,
SNGS-168,,,
SNGS-169,,,
SNGS-170,,,
SNGS-171,,,
SNGS-172,,,
SNGS-173,,,
SNGS-174,,,
SNGS-175,,,
SNGS-178,,,
SNGS-179,,,
SNGS-180,,,
SNGS-181,,,
SNGS-182,,,
SNGS-183,,,
SNGS-185,,,
SNGS-186,,,
SNGS-187,,,
SNGS-188,,,
SNGS-191,,,
SNGS-193,,,
SNGS-194,,,
SNGS-195,,,
SNGS-196,,,
SNGS-197,,,
SNGS-198,,,
